"Title","Date","Link","Summary"
"《海南省商业性个人住房贷款转住房公积金个人住房贷款管理办法》印发","11/26/2025 23:21","https://finance.eastmoney.com/a/202511263575736398.html","海南省住房公积金管理局印发《海南省商业性个人住房贷款转住房公积金个人住房贷款管理办法》，自2025年12月1日起施行。其中提到，商转公贷款方式包括“带押直转”和“自筹结清”两种方式。“带押直转”方式商..."
"累计查明金资源量81.06吨 四川最大金矿来了","11/26/2025 22:51","https://finance.eastmoney.com/a/202511263575719375.html","【累计查明金资源量81.06吨 四川最大金矿来了】11月26日，记者从四川省自然资源厅获悉，“四川省松潘县东北寨金矿床勘探”项目通过四川省矿产资源储量评审中心评审。结果显示，东北寨金矿本次评审新增金资..."
"【新华解读】消费新政促供需良性互动 激发消费新潜能","11/26/2025 22:50","https://finance.eastmoney.com/a/202511263575719838.html","新华财经北京11月26日电（记者丁雅雯、刘旭阳）工业和信息化部等六部门26日联合印发《关于增强消费品供需适配性进一步促进消费的实施方案》，从加速新技术新模式创新应用、扩大特色和新型产品供给、精准匹配不..."
"累计查明金资源量81.06吨 四川最大金矿来了","11/26/2025 22:48","https://finance.eastmoney.com/a/202511263575718568.html","11月26日消息，据四川省自然资源厅，“四川省松潘县东北寨金矿床勘探”项目通过四川省矿产资源储量评审中心评审。结果显示，东北寨金矿本次评审新增金资源量28.24吨，累计查明金资源量81.06吨，规模达..."
"严查抄袭剽窃等行为，科技部启动学术不端撤稿论文专项整治行动","11/26/2025 22:45","https://finance.eastmoney.com/a/202511263575719032.html","记者辛圆科学技术部办公厅微信公众号“锐科技”周三发布消息称，近日，科技部会同有关部门部署开展学术不端撤稿论文专项整治行动，严查抄袭剽窃、虚构伪造数据等行为。据了解，本次专项整治行动聚焦中国学者在自然科..."
"上海深化药械监管改革，医疗机构中创新药配备率已“非常高”","11/26/2025 22:39","https://finance.eastmoney.com/a/202511263575714240.html","日前，上海市发布《上海市全面深化药品医疗器械监管改革促进医药产业高质量发展的若干措施》（下称“《若干措施》”）。11月26日，上海政府新闻办举行新闻通气会解读该文件。界面新闻获悉，《若干措施》一方面意..."
"【中证快报】11月26日中证投资资讯 | 六部门发文推动生产高效响应消费者个性化需求","11/26/2025 22:33","https://finance.eastmoney.com/a/202511263575712334.html","【中证头条】六部门发文推动生产高效响应消费者个性化需求工业和信息化部、国家发展改革委、商务部、文化和旅游部、中国人民银行、市场监管总局等六部门印发《关于增强消费品供需适配性进一步促进消费的实施方案》，..."
"中央网信办：网站平台要强化对财经类“自媒体”和MCN机构账号管理","11/26/2025 22:33","https://finance.eastmoney.com/a/202511263575714083.html","“网信中国”微信公众号11月26日消息，当日，中央网信办在北京召开优化营商网络环境工作经验总结交流会。会议指出，要深刻认识优化营商网络环境对护航经济高质量发展、提振企业发展信心、营造清朗网络空间的重要..."
"从“可选项”到“必答题”，ESG重塑可持续发展内核","11/26/2025 22:30","https://finance.eastmoney.com/a/202511263575714183.html","时代浪潮奔涌向前。“十五五”新的征程即将开启，ESG这一融合环境、社会与治理协同发展的先进理念，正从企业的“可选项”，跃升为关乎长远发展与核心竞争力的“必答题”。11月26日，以“治善致远绿动未来”为..."
"湖北抢先“落子”，“中三省”机会来了？","11/26/2025 22:28","https://finance.eastmoney.com/a/202511263575715039.html","地跨湖北、湖南、江西三省的长江中游城市群，正在迎来新的“坐标方位”。国家“十五五”规划建议首次提出“促进区域联动发展”，并在这一部分单独点名“推动长江中游城市群等加快发展”，培育发展若干区域性中心城市..."
"【财闻联播】10家航空公司被约谈！连续4年财务造假 这家公司终止上市","11/26/2025 22:26","https://finance.eastmoney.com/a/202511263575708966.html","宏观动态《信用修复管理办法》公布：轻微失信信息原则上不予公示《信用修复管理办法》已经2025年11月19日第25次委务会议审议通过，现予公布，自2026年4月1日起施行。失信信息按照失信严重程度实行分..."
"重点整治六类金融领域网络乱象！北京行动了","11/26/2025 22:22","https://finance.eastmoney.com/a/202511263575707541.html","据“网信北京”公众号消息，当前，部分金融领域“黑灰产”借助网络平台滋生蔓延，通过假冒身份、隐蔽引流、非法推介等手段误导公众、欺诈敛财，严重侵害人民群众财产安全，扰乱金融市场秩序。为有效遏制金融领域突出..."
"一追到底！我国将建立学术不端撤稿论文长效治理机制","11/26/2025 22:22","https://finance.eastmoney.com/a/202511263575707158.html","新华社北京11月26日电今后聚焦我国学者在自然科学领域国际期刊撤稿论文，对涉嫌抄袭剽窃、虚构伪造数据或图像、买卖论文、虚构同行评议专家及评议意见等行为，相关部门将严肃开展调查和处理，并加强处理结果通报..."
"河南民营经济创新发展动能强劲 高新技术民企超1.26万家","11/26/2025 22:19","https://finance.eastmoney.com/a/202511263575706094.html","上证报中国证券网讯（记者王乔琪）11月26日，河南省举办2025年河南省民营经济高质量发展系列新闻发布会（第二场），介绍今年以来河南省民营经济创新发展的有关情况。河南省科学技术厅党组成员、副厅长陶曼晞..."
"海关总署副署长赵增连会见意大利卫生部部长奥拉齐奥·斯基拉奇","11/26/2025 22:18","https://finance.eastmoney.com/a/202511263575706116.html","上证报中国证券网讯据“海关发布”微信公众号11月26日消息，11月25日下午，海关总署副署长赵增连在署会见意大利卫生部部长奥拉齐奥·斯基拉奇一行。双方就建立中意农食产品安全及卫生检疫合作机制、扩大农食..."
"纸企连收涨价函","11/26/2025 22:18","https://finance.eastmoney.com/a/202511263575704156.html","【纸企连收涨价函】记者从业内了解到，今年三季度以来，包装纸行业用到的原纸，价格接连上涨；进入四季度后，又有多家造纸企业开启新一轮提价。"
"工信部等六部门发文进一步促进消费：到2027年形成3个万亿级消费领域","11/26/2025 22:10","https://finance.eastmoney.com/a/202511263575715237.html","11月26日，据工信部官网消息，为贯彻落实党中央、国务院关于大力提振消费的决策部署，工信部等六部门制定了《关于增强消费品供需适配性进一步促进消费的实施方案》（以下简称《方案》）。《方案》要求，到202..."
"习近平向香港新界大埔区住宅楼重大火灾事故遇难人员和殉职的消防员表示哀悼 对遇难者家属和受灾人员表示慰问 要求全力以赴扑灭火灾 努力把火灾伤亡损失降到最低","11/26/2025 22:09","https://finance.eastmoney.com/a/202511263575694749.html","【习近平向香港新界大埔区住宅楼重大火灾事故遇难人员和殉职的消防员表示哀悼 对遇难者家属和受灾人员表示慰问 要求全力以赴扑灭火灾 努力把火灾伤亡损失降到最低】习近平向香港新界大埔区住宅楼重大火灾事故遇难..."
"广东“新磁极”：科技与资本驱动文化产业“质变”","11/26/2025 22:00","https://finance.eastmoney.com/a/202511263575716112.html","南方财经记者郑玮广州报道“今年前三个季度，广东省经营性演出总场次达到3.56万场，总收入63.56亿元，位居全国第一，演唱会经济成为消费的新引擎。同期，游戏电竞、网络视听保持高速发展，顶级电竞赛事增长..."
"海南省政府与中国华能集团签署全面深化战略合作协议","11/26/2025 21:56","https://finance.eastmoney.com/a/202511263575718993.html","11月26日，海南省政府与中国华能集团有限公司在海口签署全面深化战略合作协议。省委书记冯飞、省长刘小明会见中国华能集团董事长温枢刚一行并见证签约。"
"挖存量拓增量 六部门合力增强消费品供需适配性","11/26/2025 21:54","https://finance.eastmoney.com/a/202511263575719193.html","以消费升级引领产业升级，以优质供给更好满足多元需求，实现供需更高水平动态平衡。11月，工信部、国家发改委、商务部、文旅部、中国人民银行和市场监管总局联合印发《关于增强消费品供需适配性进一步促进消费的实..."
"中央网信办：网站平台要坚持问题导向 强化对财经类“自媒体”和MCN机构账号管理","11/26/2025 21:49","https://finance.eastmoney.com/a/202511263575682029.html","新华财经北京11月26日电据“网信中国”消息，11月26日，中央网信办在北京召开优化营商网络环境工作经验总结交流会。会议强调，优化营商网络环境是优化营商环境的重要内容，也是网信部门的重要职责。近年来，..."
"中央网信办召开优化营商网络环境工作经验总结交流会","11/26/2025 21:48","https://finance.eastmoney.com/a/202511263575681889.html","人民财讯11月26日电，11月26日，中央网信办在北京召开优化营商网络环境工作经验总结交流会。会议要求，各级网信部门要加强组织领导，高位推动落实，保持高压态势，加大对网上涉企侵权行为处置力度，强化宣传..."
"山东：前10月全省办理离境退税境外旅客人数同比增长140.4%","11/26/2025 21:48","https://finance.eastmoney.com/a/202511263575681977.html","人民财讯11月26日电，国家税务总局山东省税务局消息，今年以来，随着离境退税“即买即退”服务措施的推广，山东税务部门优化退税办理流程和支付服务，提升境外旅客入境消费便利化水平。1-10月全省办理离境退..."
"海关总署副署长赵增连会见意大利卫生部部长奥拉齐奥·斯基拉奇","11/26/2025 21:48","https://finance.eastmoney.com/a/202511263575681619.html","人民财讯11月26日电，11月25日下午，海关总署副署长赵增连在署会见意大利卫生部部长奥拉齐奥·斯基拉奇一行。双方就建立中意农食产品安全及卫生检疫合作机制、扩大农食产品双向贸易等议题交换意见。意大利驻..."
"中央网信办召开优化营商网络环境工作经验总结交流会","11/26/2025 21:47","https://finance.eastmoney.com/a/202511263575720266.html","11月26日，中央网信办在北京召开优化营商网络环境工作经验总结交流会。中央宣传部副部长、中央网信办主任、国家网信办主任庄荣文出席会议并讲话。中央网信办副主任、国家网信办副主任杨建文主持会议。会议指出，..."
"中央网信办：网站平台要坚持问题导向 强化对财经类“自媒体”和MCN机构账号管理","11/26/2025 21:47","https://finance.eastmoney.com/a/202511263575679381.html","财联社11月26日讯，据网信中国，11月26日，中央网信办在北京召开优化营商网络环境工作经验总结交流会。中央宣传部副部长、中央网信办主任、国家网信办主任庄荣文出席会议并讲话。中央网信办副主任、国家网信..."
"海关总署副署长赵增连会见意大利卫生部部长奥拉齐奥·斯基拉奇","11/26/2025 21:42","https://finance.eastmoney.com/a/202511263575719725.html","11月25日下午，海关总署副署长赵增连在署会见意大利卫生部部长奥拉齐奥·斯基拉奇一行。双方就建立中意农食产品安全及卫生检疫合作机制、扩大农食产品双向贸易等议题交换意见。意大利驻华大使安博思参加会见。"
"山西已建成281座绿色矿山","11/26/2025 21:41","https://finance.eastmoney.com/a/202511263575678925.html","新华财经太原11月26日电（记者马晓洁）记者从山西省政府新闻办26日举行的新闻发布会上获悉，目前，山西已建成281座绿色矿山，其中国家级75座，省级206座，绿色矿山总入选数量位居全国前列。2022年..."
"深交所组织上市公司澳大利亚路演","11/26/2025 21:41","https://finance.eastmoney.com/a/202511263575677344.html","11月26日，深交所组织上市公司赴澳大利亚举办“投资中国新机遇”—深市上市公司悉尼路演交流会，旨在向当地投资者面对面讲好上市公司创新发展故事，展示“十五五”时期中国经济高质量发展前景，宣介中国资本市场..."
"山东：前10月全省办理离境退税境外旅客人数同比增长140.4%","11/26/2025 21:41","https://finance.eastmoney.com/a/202511263575665460.html","【山东：前10月全省办理离境退税境外旅客人数同比增长140.4%】国家税务总局山东省税务局消息，今年以来，随着离境退税“即买即退”服务措施的推广，山东税务部门优化退税办理流程和支付服务，提升境外旅客入..."
"打造“长三角创新枢纽” 上海青浦激发区域创新动力","11/26/2025 21:37","https://finance.eastmoney.com/a/202511263575665037.html","上证报中国证券网讯（记者郭晓萍）11月26日，记者从“实干绘答卷接力新蓝图”上海“十四五”规划成果系列新闻发布会青浦区专场上获悉，青浦区坚持科技创新和产业创新深度融合，让各类创新创业要素在青浦加速集聚..."
"【西街观察】资本市场不应止于高活跃度","11/26/2025 21:37","https://finance.eastmoney.com/a/202511263575720327.html","A股持续震荡，但日成交量却始终保持在1.5万亿元以上，构成了A股强韧性的重要基础。成交量稳健保持在高位，说明市场交投活跃，买卖之间A股的投资价值持续被发掘。从1万亿元到最高3万亿元，现如今常态化稳定在..."
"章俊把脉2026：中国资产配置迎加减乘除新逻辑","11/26/2025 21:32","https://finance.eastmoney.com/a/202511263575721160.html","“站在‘十四五’收官、‘十五五’开局之年，我们认为变局中正孕育着新的飞跃。”11月26日，在北京举行的中国银河证券2026年度策略报告会上，该公司首席经济学家、研究院院长章俊在以“变局·飞跃”为主题的..."
"就安世半导体等经贸问题，商务部部长王文涛与欧方视频会谈","11/26/2025 21:28","https://finance.eastmoney.com/a/202511263575655027.html","财联社11月26日讯，据商务部网站，11月26日，商务部部长王文涛与欧盟委员会贸易和经济安全委员谢夫乔维奇举行视频会谈，就安世半导体等经贸问题深入交换意见。王文涛表示，关于安世半导体问题，造成当前全球..."
"一财社论：惠企政策需要换位思维","11/26/2025 21:22","https://finance.eastmoney.com/a/202511263575683731.html","规范涉企行政行为是一场由表及里的认知变革。25日国务院企业负担部际联席会议召开电视电话会议，明确2026年，要聚焦降本增效，建立健全惠企政策常态化运行机制，聚焦优化环境，建立健全规范涉企行政行为标准制..."
"旅居养老、适老化改造纳入国标！新版养老服务标准体系破解行业痛点","11/26/2025 21:22","https://finance.eastmoney.com/a/202511263575655726.html","11月26日，市场监管总局与民政部联合召开专题新闻发布会，正式解读《养老服务标准体系建设指南（2025版）》（下称《标准指南》）。"
"11月26日重要资讯一览","11/26/2025 21:21","https://finance.eastmoney.com/a/202511263575653890.html","重要的消息有哪些1．工业和信息化部等六部门联合印发《关于增强消费品供需适配性进一步促进消费的实施方案》，其中提出，到2027年，消费品供给结构明显优化，形成3个万亿级消费领域和10个千亿级消费热点，打..."
"重点整治六类金融领域网络乱象，北京启动专项行动","11/26/2025 21:16","https://finance.eastmoney.com/a/202511263575683973.html","据“网信北京”公众号11月26日消息，为有效遏制金融领域突出网络乱象，北京市网信办26日会同北京金融监管局联合部署开展为期3个月的“清朗京华·金融守护”金融领域网络乱象治理专项行动，以高压态势严打网上..."
"促消费新政来了！加速供需适配，打造万亿级消费领域","11/26/2025 21:16","https://finance.eastmoney.com/a/202511263575722857.html","21世纪经济报道记者周潇枭见习记者张旭北京报道当市场抱怨消费不足时，一个巨大商机已浮出水面。国家正通过切换解法，进一步发掘消费潜力，满足人们更高水平的消费需求。11月14日，国常会部署增强消费品供需适..."
"5000亿地方债结存限额加快落地，更多资金助力稳投资和化债","11/26/2025 21:15","https://finance.eastmoney.com/a/202511263575722477.html","21世纪经济报道记者周潇枭北京报道根据各地披露的发债信息，11月地方新增专项债发行规模预计为4922亿元，较上月增长了超2000亿元。与此同时，11月用于偿还存量债务的地方再融资债券（又称特殊再融资债..."
"云南立法规范民宿业发展","11/26/2025 21:00","https://finance.eastmoney.com/a/202511263575658371.html","新华社昆明11月26日电（记者严勇、王贤思）记者26日在云南省十四届人大常委会第二十次会议上获悉，云南省人大常委会11月26日审查批准《大理白族自治州民宿管理和促进条例》。这是云南省首次以立法形式规范..."
"北京启动专项行动重点整治六类金融领域网络乱象","11/26/2025 20:58","https://finance.eastmoney.com/a/202511263575733893.html","11月26日，据“网信北京”消息，当前，部分金融领域“黑灰产”借助网络平台滋生蔓延，通过假冒身份、隐蔽引流、非法推介等手段误导公众、欺诈敛财，严重侵害人民群众财产安全，扰乱金融市场秩序。"
"华润置地澐启滨江首批次认购率224% 岁末上海豪宅大战启幕","11/26/2025 20:57","https://finance.eastmoney.com/a/202511263575634236.html","2025年最后两个月，一场关乎房企业绩冲刺、市场份额重构与行业格局重塑的“抢客大战”已然白热化。在上海，豪宅市场焦点汇聚于高端赛道，抢客大战一触即发。"
"中泰证券60亿定增落地，年内多家上市券商再融资提速，监管审慎把关风向不改","11/26/2025 20:57","https://finance.eastmoney.com/a/202511263575634363.html","蓝鲸新闻11月26日讯（记者胡劼）中泰证券（600918.SH）资本实力再获夯实。近日，中泰证券公告称，公司成功完成向特定对象发行A股股票，募集资金总额达60亿元，扣除各项发行费用后的实际募集资金净额..."
"33种矿产保有量居全国前10 山西非煤矿产资源同样底气十足","11/26/2025 20:52","https://finance.eastmoney.com/a/202511263575734030.html","上证报中国证券网讯（记者武斌）“目前山西发现矿种120余种，其中33种保有资源量居全国前10，煤层气、铝土矿、耐火粘土和镁矿居全国第1。”山西省自然资源厅厅长、省自然资源总督察姚青林在11月26日举行..."
"北京启动专项行动重点整治六类金融领域网络乱象","11/26/2025 20:52","https://finance.eastmoney.com/a/202511263575734728.html","“网信北京”消息，当前，部分金融领域“黑灰产”借助网络平台滋生蔓延，通过假冒身份、隐蔽引流、非法推介等手段误导公众、欺诈敛财，严重侵害人民群众财产安全，扰乱金融市场秩序。为有效遏制金融领域突出网络乱象..."
"北京金融法院发布优化营商环境工作室机制 保障240余万名投资者权益","11/26/2025 20:52","https://finance.eastmoney.com/a/202511263575734633.html","上证报中国证券网讯（记者窦世平）北京金融法院副院长薛峰11月26日在北京市“促进法治化营商环境建设助力首都经济高质量发展”新闻发布会上发布该院优化营商环境工作室机制。"
"深交所组织上市公司赴澳大利亚路演 宣介中国投资机遇","11/26/2025 20:52","https://finance.eastmoney.com/a/202511263575734380.html","上证报中国证券网讯（记者时娜）11月26日，深交所组织上市公司赴澳大利亚举办“投资中国新机遇”—深市上市公司悉尼路演交流会，向当地投资者面对面讲好上市公司创新发展故事，展示“十五五”时期中国经济高质量..."
"北京破产法庭六年来挽救126家困境企业 助力8家上市公司成功化解退市风险","11/26/2025 20:52","https://finance.eastmoney.com/a/202511263575734831.html","上证报中国证券网讯（记者窦世平）北京一中院副院长李忠勇11月26日在北京市“促进法治化营商环境建设助力首都经济高质量发展”新闻发布会上表示，北京破产法庭成立六年来审结案件11010件，成功挽救126家..."
"北京启动专项行动！严打网上非法金融活动及“黑灰产”乱象","11/26/2025 20:46","https://finance.eastmoney.com/a/202511263575736635.html","北京商报讯11月26日，北京市网信办会同北京金融监管局联合部署开展为期3个月的“清朗京华·金融守护”金融领域网络乱象治理专项行动，以高压态势严打网上非法金融活动及“黑灰产”乱象。当前，部分金融领域“黑..."
"“万亿级消费领域”来了，六部门发文部署促消费","11/26/2025 20:44","https://finance.eastmoney.com/a/202511263575685111.html","增强供需适配性是进一步释放消费潜力、畅通经济循环的有效举措。工信部、国家发改委等六部门联合印发《关于增强消费品供需适配性进一步促进消费的实施方案》（下称《方案》）11月26日对外公布。工信部消费品工业..."
"谌贻琴在博士后工作座谈会上强调 深入实施新时代人才强国战略 构建具有国际竞争力的博士后制度体系","11/26/2025 20:44","https://finance.eastmoney.com/a/202511263575659381.html","新华社北京11月26日电博士后工作座谈会26日在京举行，国务委员谌贻琴出席会议并讲话。谌贻琴指出，我国博士后制度实施40年来取得显著成绩，培养了一大批博士后青年人才，取得了一大批高水平研究成果。特别是..."
"文化投资正当时：大湾区浮现五大趋势四大赛道","11/26/2025 20:38","https://finance.eastmoney.com/a/202511263575738158.html","南方财经记者魏彤广州报道2025粤港澳大湾区文化产业投资大会（广东·广州）会场外，来自深圳的众擎机器人正灵活地翻着跟斗，直接向在场的投资人拉起了“投资”，引来不少与会人员驻足拍摄。谁也想不到，眼前动作..."
"形成3个万亿级消费领域！促消费新政剑指AI、机器人等赛道","11/26/2025 20:38","https://finance.eastmoney.com/a/202511263575738071.html","21世纪经济报道记者周慧北京报道11月26日，工业和信息化部、国家发展改革委、商务部、文化和旅游部、中国人民银行和市场监管总局联合印发《关于增强消费品供需适配性进一步促进消费的实施方案》（以下简称《方..."
"2025大湾区科学论坛将在粤港澳三地同步举办","11/26/2025 20:37","https://finance.eastmoney.com/a/202511263575737476.html","11月26日，2025大湾区科学论坛新闻发布会在广州举行。会上通报，以“智创湾区产研共融”为主题的2025大湾区科学论坛定于12月6日至8日在粤港澳三地同步举办，开幕式和主论坛将于12月7日上午在广州..."
"优先向轨道交通站点周边供地、聚焦“好房子”建设！北京“十五五”规划建议定调未来5年楼市","11/26/2025 20:33","https://finance.eastmoney.com/a/202511263575738858.html","11月26日，《中共北京市委关于制定北京市国民经济和社会发展第十五个五年规划的建议》（以下简称《建议》）发布，将房地产政策纳入“着力保障和改善民生”重点任务，明确以“持续推进住有所居”为目标，推动房地..."
"深交所组织上市公司澳大利亚路演，宣介中国经济高质量发展投资机遇","11/26/2025 20:29","https://finance.eastmoney.com/a/202511263575740190.html","据深交所消息，11月26日，深交所组织上市公司赴澳大利亚举办“投资中国新机遇”—深市上市公司悉尼路演交流会，旨在向当地投资者面对面讲好上市公司创新发展故事，展示“十五五”时期中国经济高质量发展前景，宣..."
"专访吉姆·罗杰斯：中国经济正在进入一个新的繁荣期","11/26/2025 20:21","https://finance.eastmoney.com/a/202511263575740339.html","南方财经21世纪经济报道记者周蕊美国纽约报道过去五年，中国经历了全球供应链重塑、内部经济结构调整以及新一轮科技革命的推动，经济正在从高速增长阶段迈向高质量发展阶段，更加强调创新驱动、绿色转型、产业升级..."
"许家印前妻 突发！","11/26/2025 20:18","https://finance.eastmoney.com/a/202511263575684974.html","【导读】丁玉梅在三个加拿大银行账户中持有约1.37亿加元的资产，同时在直布罗陀、泽西岛和新加坡拥有账户，总价值超过2.2亿美元大家好，关注一下许家印前妻丁玉梅的消息。11月26日，香港法院扩大了对中国..."
"两部门：明年争取每省份推动建设1所示范性残疾人托养照护服务机构","11/26/2025 20:17","https://finance.eastmoney.com/a/202511263575740828.html","民政部、中国残联日前联合部署加强重度残疾人托养照护服务工作，2026年争取每个省份要推动建设1所示范性残疾人托养照护服务机构。两部门要求，各地要加快推动重度残疾人托养照护服务扩容提质增效，加强系统排查..."
"英国官方下调2026年增长预期至1.4%","11/26/2025 20:13","https://finance.eastmoney.com/a/202511263575612812.html","英国官方下调2026年增长预期至1.4%，原为1.9%。"
"市场监管总局：已累计发布262项与适老化、无障碍相关的国家标准","11/26/2025 20:12","https://finance.eastmoney.com/a/202511263575741138.html","上证报中国证券网讯（记者陈芳）市场监管总局标准技术司副司长王玉环26日在专题发布会上介绍，近年来，市场监管总局加强协同联动，重点加快适老化公共基础设施、适老家居环境设计、适老产品研发、解决老年人数字鸿..."
"市场监管总局：以标准化促进养老事业和养老产业协同发展","11/26/2025 20:12","https://finance.eastmoney.com/a/202511263575740935.html","上证报中国证券网讯（记者陈芳）市场监管总局标准技术司副司长王玉环26日在市场监管总局专题发布会上介绍，下一步，市场监管总局（国家标准委）将持续加强同民政部等相关部门的协同配合，以标准化为切入点和发力点..."
"信用修复新规来了：建立三级失信分类体系， 确立“信用中国” 网站统一受理机制","11/26/2025 20:11","https://finance.eastmoney.com/a/202511263575741583.html","11月26日，发改委网站正式发布《信用修复管理办法》（以下简称《办法》），标志着我国信用修复制度有了明确标准。2025年政府工作报告和中办、国办印发的《关于健全社会信用体系的意见》明确提出要“构建统一..."
"我国低品位、共伴生矿产资源量大幅激活","11/26/2025 20:10","https://finance.eastmoney.com/a/202511263575663621.html","新华财经北京11月26日电（记者王立彬）通过推动绿色矿山建设、创新工艺技术、推广先进适用技术，我国钴、铼、镍、铟等低品位、共伴生资源量大幅增长。记者26日从自然资源部获悉，在全国绿色矿山建设过程中，我..."
"《疯狂动物城2》成中国影史进口动画电影单日票房冠军","11/26/2025 20:08","https://finance.eastmoney.com/a/202511263575611680.html","【《疯狂动物城2》成中国影史进口动画电影单日票房冠军】据猫眼专业版数据，电影《疯狂动物城2》上映首日票房突破2.13亿，成中国影史进口动画电影单日票房冠军。"
"我国低品位、共伴生矿产资源量大幅激活","11/26/2025 20:07","https://finance.eastmoney.com/a/202511263575610572.html","【我国低品位、共伴生矿产资源量大幅激活】据自然资源部消息，在全国绿色矿山建设过程中，我国矿山企业将开采回采率、选矿回收率、综合利用率“三率”标准作为约束性指标，资源节约集约利用水平有效提升。通过开展低..."
"破局数字贸易新赛道 全球跨境电商生态大会在义乌举办","11/26/2025 20:06","https://finance.eastmoney.com/a/202511263575741664.html","上证报中国证券网讯（记者杨烨）11月25日，首届中国（浙江）跨境电商进出口交易会全球跨境电商生态大会在义乌国际博览中心成功举办。论坛以“生态聚合·数智破局——跨境电商引领全球贸易新增长”为核心主题，汇..."
"记者观察 | 从“资源觉醒”到“价值爆发” 这三场发布会“含金量”十足","11/26/2025 20:03","https://finance.eastmoney.com/a/202511263575741778.html","上证报中国证券网讯（记者于祥明）数据，被称为数字经济时代的“石油”，对它的“开采”和“炼化”正在逐步深化。今年以来，国家数据局举办的“数据价值化，我们在行动”系列新闻发布会已有三场，各方透露出的诸多信..."
"记者观察 | 从 “刺激” 到 “适配” 消费与供给进入双向奔赴阶段","11/26/2025 20:03","https://finance.eastmoney.com/a/202511263575741813.html","上证报中国证券网讯（记者李雁争）11月中旬召开的国务院常务会议明确提出，增强供需适配性是进一步释放消费潜力、畅通经济循环的有效举措。这一部署标志着我国促消费政策思路已从过去的单一刺激转向系统适配，消费..."
"前三季度逾三成房企营收净利双增：一边穿越周期 一边修复业绩","11/26/2025 20:00","https://finance.eastmoney.com/a/202511263575605137.html","随着三季报披露收官，上市房企业绩数据已悉数出炉。在楼市调整期，房企的业绩也普遍处于调整阶段，缩表仍是主流，但也有部分房企出业绩逆势增长。Wind数据显示，今年前三季度，77家A股上市房企的营业收入总规..."
"股市面面观丨强化投资者保护 年内强制退市公司已达24家","11/26/2025 19:52","https://finance.eastmoney.com/a/202511263575601922.html","新华财经上海11月26日电临近2025年年终，A股市场再添重大违法强制退市案例。11月25日晚间，*ST苏吴（600200）和*ST东通（300379）均发布公告称，因触及重大违法强制退市的情形，公司..."
"21小时完成 青岛港刷新粮食码头行业接卸纪录","11/26/2025 19:50","https://finance.eastmoney.com/a/202511263575600135.html","人民财讯11月26日电，11月26日12时，在青岛港董家口港区北三粮食码头，随着全自动化粮食卸船机顺利出舱，满载68250吨小麦的粮食船仅用21小时便完成全部接卸，刷新了国内粮食码头行业接卸新纪录。"
"“供需适配”新政将助家电智能绿色升级，国补会否延续仍需观察","11/26/2025 19:49","https://finance.eastmoney.com/a/202511263575687196.html","工信部、国家发改委、商务部、文旅部、中国人民银行和市场监管总局近日联合印发的《关于增强消费品供需适配性进一步促进消费的实施方案》（下称《方案》）多处提及家电创新。业界认为，新政策将助力家电智能化、绿色..."
"11月26日晚市要闻","11/26/2025 19:47","https://finance.eastmoney.com/a/202511263575599560.html","南方财经11月26日电，今日晚市要闻内容如下：六部门印发《关于增强消费品供需适配性进一步促进消费的实施方案》。保险业协会：监管未批准或备案任何名称为“安我股保”的保险产品。广东印发《广东省金融支持企业..."
"忙完“双十一”忙“黑五”，外贸商家开启“接力赛”","11/26/2025 19:46","https://finance.eastmoney.com/a/202511263575703373.html","“双十一”的物流热潮尚未褪去，“黑色星期五”的海外促销战又已打响。企业销售忙近期，苏州菠萝健康科技有限公司内一派繁忙景象。筋膜枪、涡轮风扇等主力产品正加紧生产、打包、发货。“‘黑五’是海外平台年度最重..."
"多地年末发债 扎堆投向政府引导基金：广东规模超160亿 加码科技创新","11/26/2025 19:45","https://finance.eastmoney.com/a/202511263575703431.html","多地将专项债“活水”，引入了政府投资引导基金。综合多地财政部门公开信息，广东、四川、上海将于11月28日合计发行200亿元专项债券，分别注入广东省政府投资基金、成都市创业投资基金和上海未来产业基金；深..."
"我国明确示范性残疾人托养照护服务机构阶段性建设目标","11/26/2025 19:36","https://finance.eastmoney.com/a/202511263575663876.html","记者11月26日从民政部获悉，民政部、中国残联26日召开全国重度残疾人托养照护服务工作推进视频会，提出到2026年，推动全国各省建设至少1所示范性残疾人托养照护服务机构。据介绍，我国有1700多万持证..."
"迎峰度冬 环渤海动力煤价格持稳运行","11/26/2025 19:35","https://finance.eastmoney.com/a/202511263575678467.html","新华财经太原11月26日电（记者张磊）秦皇岛煤炭网26日发布的环渤海动力煤价格指数报收于698元／吨，环比持平。分析认为，本周动力煤现货市场结束前期强势上涨格局，呈现“高位回落、博弈加剧”的特征，尽管..."
"农行副行长：今年以来，农行在长三角区域科技贷款增量超2500亿元","11/26/2025 19:34","https://finance.eastmoney.com/a/202511263575578595.html","11月25日，中国农业银行党委委员、副行长王文进在中国农业银行长三角创新发展协同会暨“123+”金融赋能科技创新专项活动上表示，科技创新在长三角创新协同发展中居于核心引领地位，在发展新质生产力、打造核..."
"为安享幸福晚年提供标准助力 两部门详解新版养老服务标准体系建设指南","11/26/2025 19:31","https://finance.eastmoney.com/a/202511263575678896.html","新华社北京11月26日电题：为安享幸福晚年提供标准助力两部门详解新版养老服务标准体系建设指南新华社记者赵文君养老服务问题备受社会关注。以标准引领养老服务体系化、规范化发展，下一步有哪些新举措？11月2..."
"金融“活水”精准“浇灌” 天津培育科创“新生态”","11/26/2025 19:30","https://finance.eastmoney.com/a/202511263575679268.html","新华社天津11月26日电题：金融“活水”精准“浇灌”天津培育科创“新生态”新华社记者李亭、郭方达科技金融正成为推动科技创新与产业升级的关键力量。在“科技—产业—金融”新循环机制下，天津着力打破信息壁垒..."
"科技金融赋能，助力长三角构建更具竞争力的科技创新生态系统","11/26/2025 19:29","https://finance.eastmoney.com/a/202511263575577015.html","作为经济最活跃、开放度最高、创新度最强的区域之一，长三角地区是国家经济发展的重要引擎。而金融活水的精准灌溉与科技引擎的牵引带动，共同催化着长三角区域协作深度融合、同频共振，驱动着这艘巨轮破浪前行、行稳..."
"外交部：中方愿继续同欧方加强经贸合作，也希望欧方坚守开放承诺","11/26/2025 19:27","https://finance.eastmoney.com/a/202511263575680147.html","新华财经北京11月26日电（记者刘杨、曹嘉玥）第十八届中国—欧盟投资贸易科技合作洽谈会（欧洽会）日前在成都成功举行。外交部发言人毛宁11月26日在例行记者会上答问时表示，中方愿继续同欧方加强经贸合作，..."
"财经聚焦丨“流量”更好变“留量” 小票根何以撬动大消费","11/26/2025 19:19","https://finance.eastmoney.com/a/202511263575679433.html","全运会观赛之余，观众在大湾区来场说走就走的城市漫步；四川省城市足球联赛（“川超”）球迷在比赛后涌向当地特色美食店；上海演唱会散场后，观众凭票在咖啡店品尝赠饮并小聚……近期，类似场景在多地频频上演。消费..."
"《赛德克·巴莱》上下部定档下月 比2012年公映版长123分钟","11/26/2025 19:18","https://finance.eastmoney.com/a/202511263575570450.html","【《赛德克·巴莱》上下部定档下月 比2012年公映版长123分钟】由魏德圣执导的中国台湾抗日史诗电影《赛德克·巴莱》上下部，11月26日发布定档预告及海报，官宣将在中国大陆完整上映。"
"我国稀散金属开发利用取得一系列重大突破","11/26/2025 19:15","https://finance.eastmoney.com/a/202511263575569136.html","【我国稀散金属开发利用取得一系列重大突破】作为高新科技发展的关键原材料，我国镓锗铟等稀散金属开发利用取得一系列重大突破。"
"河南民企高新技术企业数量超12000家","11/26/2025 19:11","https://finance.eastmoney.com/a/202511263575569364.html","中新网郑州11月26日电河南省政府新闻办26日举行2025河南省民营经济高质量发展系列第二场新闻发布会通报称，截至目前，河南省民营企业中，高新技术企业数量达到12649家，科技型中小企业数量达到277..."
"3个万亿+10个千亿！一组图读懂未来消费“新风口”","11/26/2025 19:10","https://finance.eastmoney.com/a/202511263575679915.html","日前，经国务院同意，工业和信息化部等六部门联合印发《关于增强消费品供需适配性进一步促进消费的实施方案》（以下简称《方案》)。《方案》提出，到2027年，消费品供给结构明显优化，形成3个万亿级消费领域和..."
"中国科学院工业人工智能研究所成立","11/26/2025 19:09","https://finance.eastmoney.com/a/202511263575567477.html","【中国科学院工业人工智能研究所成立】11月26日，中国科学院工业人工智能研究所在江苏南京成立。"
"流感高峰临近 国产新药搅动百亿市场","11/26/2025 19:03","https://finance.eastmoney.com/a/202511263575565326.html","流行性感冒（简称“流感”）是流感病毒引起的对人类健康危害严重的急性呼吸道传染病，流感病毒抗原性易变，传播迅速，在学校、托幼机构和养老院等人群聚集的场所易发生暴发疫情。根据世界卫生组织预测，每年约有10..."
"平均38.7%座位被锁定 江苏消保委约谈10家航司要求限期整改","11/26/2025 19:00","https://finance.eastmoney.com/a/202511263575561491.html","【平均38.7%座位被锁定 江苏消保委约谈10家航司要求限期整改】近期，飞机“锁座”及有偿选座服务引发热议，不少消费者反映，在线选座时经济舱前排、靠窗、靠过道等较为便利舒适的座位常被单独锁定，要么无法..."
"日本政府报告：消费者信心有所改善 继续认为经济将温和复苏","11/26/2025 19:00","https://finance.eastmoney.com/a/202511263575680081.html","新华财经北京11月26日电日本政府在周三公布的月度报告中表示，尽管通胀持续存在，但消费者对经济的信心正在复苏。在月度经济评估报告中，日本政府重申了谨慎乐观的看法，认为日本正在温和复苏，同时警告美国贸易..."
"李云泽出席中国银行保险资产管理业协会更名暨第四届会员代表大会并讲话","11/26/2025 18:56","https://finance.eastmoney.com/a/202511263575561082.html","【李云泽出席中国银行保险资产管理业协会更名暨第四届会员代表大会并讲话】中国银行保险资产管理业协会更名暨第四届会员代表大会11月26日在北京举行。金融监管总局党委书记、局长李云泽出席会议并讲话。"
"香港金管局通过贴现窗口向银行提供2.38亿港元流动性","11/26/2025 18:54","https://finance.eastmoney.com/a/202511263575560573.html","香港金管局通过贴现窗口向银行提供2.38亿港元流动性。"
"华为研发中心落地、109家总部企业扎堆！青浦“十四五”撑起创新硬核实力","11/26/2025 18:42","https://finance.eastmoney.com/a/202511263575559593.html","11月26日，上海市政府新闻办举行“实干绘答卷接力新蓝图”上海“十四五”规划成果系列新闻发布会青浦专场，围绕“全面服务保障国家战略，奋力打造长三角创新枢纽”主题，青浦区委书记王平介绍青浦区“十四五”期..."
"多元金融工具支撑 山东重点领域金融服务质效显著提升","11/26/2025 18:28","https://finance.eastmoney.com/a/202511263575656919.html","“十四五”以来，山东金融系统锚定“走在前、挑大梁”目标，充分发挥金融工具“四两拨千斤”作用，通过央行政策工具牵引、险资长期资金加持，推动金融资源向重点领域集中。截至2025年9月末，全省科技、绿色、普..."
"资本市场赋能山东高质量发展 “十四五”交出亮眼答卷","11/26/2025 18:28","https://finance.eastmoney.com/a/202511263575657297.html","在山东省委金融办近期召开的金融工作新闻发布会上，资本市场作为“牵一发而动全身”的关键力量，其“十四五”期间服务山东经济社会高质量发展的成效备受关注。过去五年，山东资本市场抢抓改革机遇，在完善市场体系、..."
"国内首座地下储氢井加氢站累计供氢突破400吨","11/26/2025 18:20","https://finance.eastmoney.com/a/202511263575544650.html","南方财经11月26日电，据新华社，位于重庆市九龙坡区龙门阵大道的中国石化半山环道综合加能站是国内首座应用储氢井技术的加氢站。日供氢能力达1000公斤，于2021年投用。11月26日，该站对外发布消息称..."
"科技部会同有关部门部署开展学术不端撤稿论文专项整治行动","11/26/2025 18:14","https://finance.eastmoney.com/a/202511263575655631.html","财联社11月26日讯，据科技部消息，贯彻落实党的二十届三中、四中全会精神，严肃整治学术不端行为，近日，科技部会同有关部门部署开展学术不端撤稿论文专项整治行动。本次专项整治行动聚焦中国学者在自然科学领域..."
"新华财经晚报：《信用修复管理办法》公布 自2026年4月1日起施行","11/26/2025 18:12","https://finance.eastmoney.com/a/202511263575681575.html","【重点关注】·工信部等六部门联合发文增强消费品供需适配性进一步促进消费·《信用修复管理办法》公布自2026年4月1日起施行·1—10月我国全行业对外直接投资同比增长7%·工信部：前10个月电信业务收入..."
"土储专项债加速发行 今年已超5000亿 “自审自发”试点地区占主流","11/26/2025 18:01","https://finance.eastmoney.com/a/202511263575655272.html","财联社11月26日讯下半年以来，土储专项债发行加速，目前已发行超过5000亿元。从发行区域看，专项债“自审自发”试点地区的规模占比超过三分之二。业内指出，专项债“自审自发”的灵活度、土地自身价值高低等..."
"市场监管总局公开征求《殡葬领域明码标价规定（试行）（征求意见稿）》的意见","11/26/2025 18:01","https://finance.eastmoney.com/a/202511263575657756.html","人民财讯11月26日电，市场监管总局公开征求《殡葬领域明码标价规定（试行）（征求意见稿）》的意见，为规范殡葬领域经营者明码标价行为，预防和制止价格欺诈，维护市场价格秩序，市场监管总局会同民政部研究起草..."
"“科技创新+机制变革” 共筑新型能源体系","11/26/2025 18:00","https://finance.eastmoney.com/a/202511263575531237.html","在碳达峰、碳中和目标引领下，我国能源电力行业正迎来一场系统性变革。11月25日，中国电机工程学会年会在湖南长沙召开。本次年会以“科技创新与机制变革共筑新型能源体系”为主题，多位专家及政府、企业代表等共..."
"美国10月财政赤字较去年同期上涨10%","11/26/2025 17:56","https://finance.eastmoney.com/a/202511263575531173.html","新华社华盛顿11月26日电美国财政部25日发布的数据显示，受近期联邦政府“停摆”影响，10月美国政府财政赤字升至2840亿美元，较去年同期增长10%。美国媒体援引美国财政部官员的话报道，2026财年（..."
"南开大学张玉来解读高市早苗“21万亿日元刺激”：补贴杯水车薪，“卖出日元”已成国际趋势 | 高市经济“赌局”","11/26/2025 17:54","https://finance.eastmoney.com/a/202511263575530845.html","11月21日，日本高市早苗政府批准了总规模达21.3万亿日元的综合经济对策，其中2025财年补充预算案支出达17.7万亿日元，创下新冠疫情以来的新高。针对高市早苗执政后的首个重大财政政策，南开大学日本..."
"长庆油田绿色转型见成效，8年回收天然气超10亿立方米","11/26/2025 17:50","https://finance.eastmoney.com/a/202511263575523451.html","11月25日，笔者从中国石油长庆油田获悉，该油田自2018年推进试气天然气回收工程以来，累计回收天然气量超10亿立方米，相当于减排二氧化碳223万吨、替代标准煤130万吨，可满足400万户居民一年用气..."
"沪新金融深度合作 新加坡丰隆星河QFLP投资上海科创三期基金","11/26/2025 17:44","https://finance.eastmoney.com/a/202511263575518620.html","近日，上海科创基金与新加坡丰隆星河在沪签订QFLP合作暨上海科创三期基金投资意向协议。丰隆星河拟设立5亿元规模QFLP基金，专项投资上海科创三期基金。此次丰隆星河通过QFLP渠道投资上海科创基金，开创..."
"债市收盘| 债市砸盘，10年国债收益率上行1.3BP","11/26/2025 17:41","https://finance.eastmoney.com/a/202511263575513443.html","财联社11月26日讯今日，长端利率显著上行。10年国债活跃券收益率上行1.3BP，30年国债收益率上行1BP。国债期货收盘全线下跌，30年期主力合约跌0.86%，10年期主力合约跌0.36%，5年期主..."
"上海发布若干措施，全面深化药品医疗器械监管改革","11/26/2025 17:41","https://finance.eastmoney.com/a/202511263575517319.html","11月26日举行的上海市政府新闻通气会上介绍，日前，《上海市全面深化药品医疗器械监管改革促进医药产业高质量发展的若干措施》正式印发，从支持研发创新、深化国家改革试点、提升审评审批质效、扩大高水平开放合..."
"中国银河证券总裁薛军：资本市场转向 “主动治理”， 稳定性显著增强","11/26/2025 17:40","https://finance.eastmoney.com/a/202511263575517259.html","财联社11月26日讯（记者高艳云）11月26日，以“变局·飞跃”为主题的中国银河证券2026年度策略会在北京举行，多位宏观经济领域知名学者、行业专家，及上市公司、机构投资者代表与资深分析师，共同探讨宏..."
"浙江累计培育农创客超10万名","11/26/2025 17:39","https://finance.eastmoney.com/a/202511263575510921.html","新华社杭州11月26日电（记者许舜达）记者从11月26日召开的浙江省高质量完成“十四五”规划系列主题新闻发布会上获悉，过去五年来，浙江深化青年入乡集成改革，基本实现农业转移人口落户城镇“零门槛”。截至..."
"市场监管总局公开征求《殡葬领域明码标价规定（试行）（征求意见稿）》意见","11/26/2025 17:38","https://finance.eastmoney.com/a/202511263575508788.html","为规范殡葬领域经营者明码标价行为，预防和制止价格欺诈，维护市场价格秩序，市场监管总局会同民政部研究起草了《殡葬领域明码标价规定（试行）（征求意见稿）》，现向社会公开征求意见，意见反馈截止日期为2025..."
"统计数据造假案例、隐蔽手段被密集曝光，释放什么信号？","11/26/2025 17:38","https://finance.eastmoney.com/a/202511263575508822.html","记者辛圆最近一段时间，包括人民日报、半月谈在内的中央媒体“盯上”统计数据造假，典型案例和造假手段陆续被曝光。人民日报评论部11月21日发文称，高压治假态势下，仍有一些地方和部门心存侥幸选择铤而走险，把..."
"2025澳门金融科技创新峰会举办 学界共话AI金融新范式","11/26/2025 17:37","https://finance.eastmoney.com/a/202511263575509115.html","上证报中国证券网讯（记者范子萌）在人工智能深刻改变全球金融格局的当下，应当如何推动AI技术在金融领域的健康发展？围绕相关话题，2025澳门金融科技创新峰会日前在澳门举行。逾300位全球学者、金融领袖及..."
"上海发布若干措施 全面深化药品医疗器械监管改革","11/26/2025 17:35","https://finance.eastmoney.com/a/202511263575503857.html","【上海发布若干措施 全面深化药品医疗器械监管改革】记者从11月26日举行的上海市政府新闻通气会上了解到，日前，《上海市全面深化药品医疗器械监管改革促进医药产业高质量发展的若干措施》正式印发，从支持研发..."
"2025“数据要素×”大赛落幕 183个获奖项目助力数据从“沉睡”到“活跃”","11/26/2025 17:35","https://finance.eastmoney.com/a/202511263575509021.html","本报记者郭冀川11月25日，2025年“数据要素×”大赛（以下简称“大赛”）全国总决赛颁奖仪式暨2025全球数商大会在上海市举办。据悉，2025年“数据要素×”大赛自今年四月启动以来，各地踊跃参与，大..."
"成立十年内上市企业达121家，深圳凭什么？","11/26/2025 17:34","https://finance.eastmoney.com/a/202511263575511027.html","十年，只够一棵树苗长成碗口粗细，却足以让一家企业完成从诞生到敲钟上市的蜕变。截至目前，深圳共有121家企业成立不到10年就成功上市，其中A股87家、港股34家，占深圳上市公司总数的22.2%。在企业的..."
"国家数据局：支持数据商进一步开发数据产品和提升服务能力","11/26/2025 17:26","https://finance.eastmoney.com/a/202511263575495844.html","南都讯记者李玲发自北京南都记者从国家数据局获悉，11月25日，2025年“数据要素×”大赛全国总决赛颁奖仪式暨2025全球数商大会开幕式在上海市举办。今年大赛共有893个项目晋级全国总决赛，最终遴选出..."
"自然资源部部长关志鸥会见智利矿业部部长","11/26/2025 17:26","https://finance.eastmoney.com/a/202511263575496261.html","人民财讯11月26日电，11月24日，自然资源部部长关志鸥在京会见智利矿业部部长奥罗拉·威廉姆斯一行。双方围绕深化中智地质矿产领域合作深入交换意见，达成多项共识。关志鸥指出，今年是中智建交55周年，两..."
"北京法院：加强涉数据产权、人工智能等案件审结","11/26/2025 17:23","https://finance.eastmoney.com/a/202511263575493655.html","11月26日北京市“促进法治化营商环境建设助力首都经济高质量发展”新闻发布会召开。会议介绍了自2018年以来，北京法院坚持问题导向、首善标准，压茬推出营商环境改革，为落实《中共北京市委北京市人民政府关..."
"致同林晓玲：“A+H”呈现四大新特征，南向资金将驱动溢价收窄","11/26/2025 17:21","https://finance.eastmoney.com/a/202511263575488854.html","北京商报讯（记者马换换）11月25日，在“把握发展确定性：”十五五“规划下的企业增长路径”分享会上，致同上海审计合伙人林晓玲在会上分享了“十五五”开放新机遇下企业赴港上市“A+H”的落地实践。"
"工信部等6部门：有序发展平台消费","11/26/2025 17:20","https://finance.eastmoney.com/a/202511263575492871.html","新京报贝壳财经讯11月26日，工业和信息化部、国家发展改革委、商务部、文化和旅游部、中国人民银行、市场监管总局印发《关于增强消费品供需适配性进一步促进消费的实施方案》。其中提到，有序发展平台消费。有序..."
"六部门：加强适老化产品研发设计","11/26/2025 17:20","https://finance.eastmoney.com/a/202511263575492778.html","新京报贝壳财经讯11月26日，工业和信息化部等六部门印发《关于增强消费品供需适配性进一步促进消费的实施方案》。其中提出，优化适老化产品供给。加强适老化产品研发设计，重点开发应用养老服务机器人、多功能护..."
"中国经济样本观察·县域样本篇 | 不简单！这个“沟”撑起百亿文旅产业","11/26/2025 17:18","https://finance.eastmoney.com/a/202511263575486280.html","新华财经成都11月26日电（记者胡旭、边思琪、王曦）九寨沟，蜚声中外的世界自然遗产。鲜为人知的是，它位于人口仅6.7万的同名高原小县境内。摊开地图，九寨沟县像一片脉络清晰的树叶，镶嵌在青藏高原向四川盆..."
"【高端访谈】聚焦服务实体经济 助推吉林高质量发展——专访中国人民银行吉林省分行党委书记、行长朱兆文","11/26/2025 17:15","https://finance.eastmoney.com/a/202511263575485478.html","【高端访谈】聚焦服务实体经济 助推吉林高质量发展——专访中国人民银行吉林省分行党委书记、行长朱兆文"
"市场监管总局：将加快康复辅助器具、智能产品等适老标准研制","11/26/2025 17:11","https://finance.eastmoney.com/a/202511263575487135.html","南都讯记者黄莉玲11月26日上午，市场监管总局和民政部联合召开《养老服务标准体系建设指南（2025版）》专题新闻发布会。"
"科技部会同有关部门部署开展学术不端撤稿论文专项整治行动","11/26/2025 17:08","https://finance.eastmoney.com/a/202511263575468451.html","【科技部会同有关部门部署开展学术不端撤稿论文专项整治行动】据科技部消息，贯彻落实党的二十届三中、四中全会精神，严肃整治学术不端行为，近日，科技部会同有关部门部署开展学术不端撤稿论文专项整治行动。"
"市场监管总局：截至10月已累计发布262项与适老化、无障碍相关的国家标准","11/26/2025 16:56","https://finance.eastmoney.com/a/202511263575456221.html","人民网北京11月26日电（记者郝帅）今日，国家市场监管总局和民政部联合召开《养老服务标准体系建设指南（2025版）》专题新闻发布会。随着老龄人口比例的不断增长，我国老龄化程度持续加深。老年人对产品和服..."
"国务院安委办公布一批打击盗采矿产资源典型案例","11/26/2025 16:56","https://finance.eastmoney.com/a/202511263575456557.html","新华社北京11月26日电（记者黄韬铭）为持续深入开展废弃矿洞排查封堵整治，严厉打击盗采盗挖行为，充分发挥典型案例警示教育作用，近日，国务院安委会办公室公布一批打击盗采矿产资源典型案例。2025年3月，..."
"截至10月末贵州累计向金融机构提供碳减排支持工具资金378.87亿元","11/26/2025 16:53","https://finance.eastmoney.com/a/202511263575456342.html","新华财经贵阳11月26日电（记者肖艳）记者从人民银行贵州省分行获悉，截至10月末，贵州累计向金融机构提供碳减排支持工具资金378.87亿元，支持金融机构向风力发电、太阳能利用、生物质能源设施建设和运营..."
"财政部拟发行2025年记账式贴现（七十三期）国债 竞争性招标面值总额400亿元","11/26/2025 16:53","https://finance.eastmoney.com/a/202511263575446371.html","【财政部拟发行2025年记账式贴现（七十三期）国债 竞争性招标面值总额400亿元】财政部拟发行2025年记账式贴现（七十三期）国债。本期国债为期限63天的贴现债。本期国债竞争性招标面值总额400亿元，..."
"乘联分会：11月1—23日全国乘用车市场零售138.4万辆 同比下降11%","11/26/2025 16:51","https://finance.eastmoney.com/a/202511263575444415.html","人民财讯11月26日电，乘联分会发布数据，11月1—23日，全国乘用车市场零售138.4万辆，同比去年11月同期下降11%，较上月同期下降2%，今年以来累计零售2,064万辆，同比增长6%；11月1—..."
"广州市副市长赖志鸿：锚定“投顾第一城”提升金融服务实体经济质效","11/26/2025 16:43","https://finance.eastmoney.com/a/202511263575440116.html","由中国经济信息社主办，广州市委金融委员会办公室、新华社广东分社支持的“2025广州投资顾问大会暨财富管理转型发展会议”，于11月26日-27日在广州南沙隆重举行。广州市副市长赖志鸿在致辞中表示，作为国..."
"乘联分会：11月1-23日全国乘用车市场零售138.4万辆，同比下降11%","11/26/2025 16:38","https://finance.eastmoney.com/a/202511263575431891.html","乘联分会公布数据显示，11月1-23日，全国乘用车市场零售138.4万辆，同比去年11月同期下降11%，较上月同期下降2%，今年以来累计零售2064万辆，同比增长6%；11月1-23日，全国乘用车厂商..."
"懋源地产超50亿元北京拿地 房企战略分化","11/26/2025 16:35","https://finance.eastmoney.com/a/202511263575431511.html","11月25日，北京两宗宅地落槌，其中朝阳区松榆里地块经超百轮竞价由北京懋源璟鸿房地产开发有限公司（以下简称“懋源地产”）摘得；房山广阳城地块则由北京城建房地产开发有限公司（以下简称“北京城建”）以底价..."
"广期所公布钯、铂期货合约挂牌基准价","11/26/2025 16:34","https://finance.eastmoney.com/a/202511263575422414.html","【广期所公布钯、铂期货合约挂牌基准价】广期所公告，铂期货将于2025年11月27日（星期四）在广期所上市交易，各合约的挂牌基准价如下：PT2606合约405元/克、PT2608合约405元/克、PT2..."
"六部门发文！形成3个万亿级消费领域","11/26/2025 16:32","https://finance.eastmoney.com/a/202511263575429855.html","原标题：六部门发文提出2027年形成3个万亿级消费领域记者26日获悉，工业和信息化部等六部门联合印发《关于增强消费品供需适配性进一步促进消费的实施方案》，提出到2027年，消费品供给结构明显优化，形成..."
"乘联分会：11月1-23日全国乘用车市场零售138.4万辆 同比去年11月同期下降11%","11/26/2025 16:28","https://finance.eastmoney.com/a/202511263575417924.html","【乘联分会：11月1-23日全国乘用车市场零售138.4万辆 同比去年11月同期下降11%】乘联分会发布数据，11月1-23日，全国乘用车市场零售138.4万辆，同比去年11月同期下降11%，较上月同..."
"王兴兴谈让机器人干活：终极目标是走进千家万户解决生活中的问题","11/26/2025 16:27","https://finance.eastmoney.com/a/202511263575413971.html","【王兴兴谈让机器人干活：终极目标是走进千家万户解决生活中的问题】11月26日，宇树科技创始人王兴兴表示，“有些人可能好奇，宇树的机器人为什么不干活？其实，我们花了很多的时间让机器人干活，我们的终极目标..."
"聚焦增强消费品供需适配性，四中全会后首个促消费文件出炉","11/26/2025 16:26","https://finance.eastmoney.com/a/202511263575434056.html","记者辛圆工业和信息化部、国家发展改革委、商务部等六个部门日前联合印发《关于增强消费品供需适配性进一步促进消费的实施方案》（以下简称《方案》），从加速新技术新模式创新应用、扩大特色和新型产品供给等五个方..."
"重磅利好来袭！消费概念股尾盘大爆发，三江购物等多股涨停","11/26/2025 16:25","https://finance.eastmoney.com/a/202511263575412992.html","11月26日，A股三大指数低开后震荡上行。从板块来看，大消费板块尾盘爆发，东百集团、三江购物、新华都、美克家居、茂业商业等多股涨停，国芳集团、中百集团、中兴商业、中央商场、步步高等个股跟涨。消息面上，..."
"金融赋能产业破局 老工业基地迈向“智造”新高地","11/26/2025 16:25","https://finance.eastmoney.com/a/202511263575410186.html","大力推进现代化产业体系建设，才能加快发展和形成新质生产力。在这个过程中，金融不再是简单的“输血”，更成为破解产业瓶颈、培育创新动能的关键纽带。推动传统产业转型、壮大战略性新兴产业、培育未来产业，近年来..."
"刚刚，利好来了！多股突然爆发，涨停","11/26/2025 16:24","https://finance.eastmoney.com/a/202511263575412230.html","11月26日，工业和信息化部、国家发展改革委、商务部、文化和旅游部、中国人民银行、市场监管总局印发《关于增强消费品供需适配性进一步促进消费的实施方案》（以下简称《方案》）。《方案》部署了5方面19项重..."
"11月26日全国碳市场收盘价59.60元／吨 较前一日下跌0.93%","11/26/2025 16:19","https://finance.eastmoney.com/a/202511263575424662.html","新华财经北京11月26日电据微信公众号“全国碳交易”，11月26日全国碳市场综合价格行情为开盘价60.07元／吨，最高价60.07元／吨，最低价59.29元／吨，收盘价59.60元／吨，收盘价较前一日..."
"中国商品市场百强榜发布，浙江凭什么“霸榜”？","11/26/2025 16:19","https://finance.eastmoney.com/a/202511263575425193.html","在11月26日公布的“中国商品市场交易额百强”榜单上，浙江省以近三成席位（29席）稳居榜首。根据中国社会科学评价研究院在第十四届中国商品市场论坛上发布的《中国商品市场发展报告》，浙江不仅入围市场数量最..."
"香港对外贸易保持良好态势 出口已连续20个月实现增长","11/26/2025 16:19","https://finance.eastmoney.com/a/202511263575419126.html","人民财讯11月26日电，据大湾区之声公众号消息，香港对外贸易保持良好态势，出口已连续20个月实现增长。香港特区政府统计处昨日（25日）公布的数据显示，今年10月出口同比增长17.5%，增速较9月加快1..."
"2025大湾区科学论坛将于12月6日—8日举办","11/26/2025 16:18","https://finance.eastmoney.com/a/202511263575419451.html","人民财讯11月26日电，据深视新闻消息，11月26日，2025大湾区科学论坛新闻发布会举行。以“智创湾区产研共融”为主题的2025大湾区科学论坛将于12月6日—8日在粤港澳三地同步举办，开幕式和主论坛..."
"渔船倾覆后渔业局局长称“不要报警求救”？辽宁刮起反腐风暴","11/26/2025 16:17","https://finance.eastmoney.com/a/202511263575487724.html","11月9日、10日，3艘辽宁籍渔船在海上倾覆的事故，在辽宁引发渔业反腐风暴。11月10日当晚，辽宁省委书记许昆林主持召开全省渔船安全监管工作视频调度会，直言接连发生渔船倾覆事故，暴露出相关地区和部门思..."
"重大利好传来，消费股尾盘爆发，电子半导体狂掀涨停潮","11/26/2025 16:16","https://finance.eastmoney.com/a/202511263575404229.html","11月26日，深成指、创业板指低开高走，创业板指盘中一度涨超3%，收盘涨2.14%。沪深两市成交额1.78万亿，较上一个交易日缩量288亿。全市场1689股上涨，超3500股下跌。大消费板块尾盘爆发，..."
"不控制氧化亚氮排放将难实现全球1.5度温控目标 如何应对","11/26/2025 16:16","https://finance.eastmoney.com/a/202511263575487478.html","11月26日，“工业领域氧化亚氮控排产学研联盟成立仪式暨氧化亚氮减排技术研讨会”在北京举行。氧化亚氮是继二氧化碳和甲烷之后的全球第三大温室气体，也是主要的臭氧层消耗物质之一。我国己二酸、硝酸和己内酰胺..."
"新华视点·关注城市更新｜要烟火气也要“诗与远方”——多地探索建设完整社区","11/26/2025 16:12","https://finance.eastmoney.com/a/202511263575424480.html","“能遛娃健身，也能看书购物”“一半是生活，一半是邻里”“15分钟就能解决大部分日常所需”……针对社区居民日常生活中的急难愁盼和多元诉求，全国多地正在开展完整社区建设。作为城市更新行动的重要内容，完整社..."
"六部门发文提出2027年形成3个万亿级消费领域","11/26/2025 16:11","https://finance.eastmoney.com/a/202511263575425064.html","新华社北京11月26日电（记者唐诗凝）记者26日获悉，工业和信息化部等六部门联合印发《关于增强消费品供需适配性进一步促进消费的实施方案》，提出到2027年，消费品供给结构明显优化，形成3个万亿级消费领..."
"我国首座26米智能型主动波浪补偿栈桥命名交付","11/26/2025 16:02","https://finance.eastmoney.com/a/202511263575383397.html","上证报中国证券网讯（记者王文嫣）11月26日，我国首座26米智能型主动波浪补偿栈桥“深海祥云”命名交付仪式在宝鸡举行。“深海祥云”由中国海洋工程装备技术发展有限公司（下称“中国海工”）牵头与中国石油天..."
"工信部等6部门：到2027年形成3个万亿级消费领域","11/26/2025 16:02","https://finance.eastmoney.com/a/202511263575486791.html","新京报贝壳财经讯11月26日，工业和信息化部等六部门联合印发《关于增强消费品供需适配性进一步促进消费的实施方案》，提出到2027年，消费品供给结构明显优化，形成3个万亿级消费领域和10个千亿级消费热点..."
"聚焦“十五五”规划建议 | 加强产业和就业协同 积极培育新职业新岗位","11/26/2025 16:00","https://finance.eastmoney.com/a/202511263575380318.html","新华社北京11月26日电（记者张晓洁）《中共中央关于制定国民经济和社会发展第十五个五年规划的建议》提出，加强产业和就业协同，积极培育新职业新岗位，支持企业稳岗扩岗。当前，我国新产业、新业态接连涌现，新..."
"《2024年中国电竞行业职业发展报告》发布 电竞行业涌现千万量级的新职业","11/26/2025 15:58","https://finance.eastmoney.com/a/202511263575366316.html","政策红利持续释放、用户规模逼近5亿、产业规模突破千亿——电竞产业正从“小众狂欢”跃升为数字经济的核心引擎。近日，上海市电子竞技运动协会发布《2024年中国电竞行业职业发展报告》（下简称“报告”），指出..."
"中国西部低空经济产业联盟在重庆璧山成立","11/26/2025 15:57","https://finance.eastmoney.com/a/202511263575366298.html","【中国西部低空经济产业联盟在重庆璧山成立】11月26日，璧山低空经济产业推介会在重庆璧山举行。会上，北斗伏羲信息技术有限公司联合11家产业链企业、行业机构成立中国西部低空经济产业联盟，赋能区域低空经济..."
"深圳又一填海工程迎进展！海洋新城全面通过海域使用竣工验收","11/26/2025 15:56","https://finance.eastmoney.com/a/202511263575498348.html","南都湾财社记者获悉，日前，深圳市海洋新兴产业基地（下称“海洋新城”）已全面达到海域使用竣工验收标准。该项目位于广州、深圳、珠江口西岸三大都市圈交汇的“黄金内湾”，由深圳市特区建设发展集团有限公司（下称..."
"中保协：目前金融监管部门未批准或备案任何名称为“安我股保”的保险产品","11/26/2025 15:55","https://finance.eastmoney.com/a/202511263575364131.html","【中保协：目前金融监管部门未批准或备案任何名称为“安我股保”的保险产品】中保协提示：请消费者务必增强风险防范意识，警惕各类借用“保险”名义开展的非法金融活动。如有保险需求，应通过合法渠道向具备正规资质..."
"住建部对郑州航空港区一扩建项目致3死事故查处督办，将约谈河南住建厅","11/26/2025 15:54","https://finance.eastmoney.com/a/202511263575364585.html","住房城乡建设部安全生产管理委员会办公室近日向河南省住房和城乡建设厅下发《房屋市政工程生产安全较大及以上事故查处督办通知书》。2025年11月15日15时左右，河南省省直辖县级行政区划郑州航空港经济综合..."
"市场监管总局：加快康复辅助器具、生活服务等重点领域适老标准研制","11/26/2025 15:49","https://finance.eastmoney.com/a/202511263575371451.html","“目前，我国已经进入中度老龄化社会。”2025年11月26日，市场监管总局和民政部联合召开新闻发布会，市场监管总局标准技术司副司长王玉环介绍，近年来，市场监管总局积极联合民政部等相关部门，通过标准化手..."
"中国银河证券薛军：我国资本市场内在稳定性显著增强 为服务实体经济筑牢基础","11/26/2025 15:47","https://finance.eastmoney.com/a/202511263575372570.html","上证报中国证券网讯（记者汤立斌）中国银河证券党委副书记、总裁薛军11月26日在中国银河证券2026年度策略报告会上表示，我国经济运行稳中有进，高质量发展扎实推进，科技创新成果不断涌现，新质生产力加速成..."
"2025华夏城市产业链——好房子案例展示","11/26/2025 15:46","https://finance.eastmoney.com/a/202511263575363396.html","11月7日下午，第九届华夏城市产业链发展大会·2025城市建设高质量发展论坛在北京首钢国际会展中心成功举办。作为2025中国国际城市建设博览会的主题活动之一，本次大会由华夏时报社、中国建筑文化中心联合..."
"2025华夏城市产业链——韧性发展·绿色低碳案例展示","11/26/2025 15:45","https://finance.eastmoney.com/a/202511263575360148.html","11月7日下午，第九届华夏城市产业链发展大会·2025城市建设高质量发展论坛在北京首钢国际会展中心成功举办。作为2025中国国际城市建设博览会的主题活动之一，本次大会由华夏时报社、中国建筑文化中心联合..."
"海量财经丨华为Mate 80系列起售价降800元，二级市场最高溢价5000元超iPhone 17","11/26/2025 15:42","https://finance.eastmoney.com/a/202511263575535945.html","海报新闻记者秦文报道2025年11月25日，华为Mate80系列与MateX7正式发布，起售价分别为4699元、5999元、7999元、11999元，该系列机型将于11月28日正式开售。"
"汇丰调查：中国内地企业面对贸易变局更具韧性和信心","11/26/2025 15:40","https://finance.eastmoney.com/a/202511263575359064.html","上证报中国证券网讯（记者陈佳怡）汇丰集团近期面向全球企业的一项贸易前景调查显示，尽管全球贸易政策和关税等仍存在不确定性，但随着内地企业逐步适应这一充满变数的“贸易新常态”，他们对这些变化带来的影响有了..."
"今天，医药股走强，大消费尾盘拉升","11/26/2025 15:30","https://finance.eastmoney.com/a/202511263575357574.html","今天，A股分化。截至收盘，上证指数下跌0.15%，深证成指上涨1.02%，创业板指上涨2.14%。图片来源：同花顺大消费尾盘拉升，零售、免税店等板块上涨。消息面上，11月26日，工业和信息化部、国家发..."
"北京破产法庭六年挽救126家困境企业 化解8400多亿元债务","11/26/2025 15:30","https://finance.eastmoney.com/a/202511263575355087.html","11月26日，北京市“促进法治化营商环境建设助力首都经济高质量发展”新闻发布会举行。北京商报记者从会上获悉，自2018年起，北京法院构建具有北京特色的破产审判机制，助力供给侧结构性改革，完善市场优胜劣..."
"青浦打造长三角创新枢纽，华为美的网易等重大项目建成，复旦同济创新平台落地","11/26/2025 15:21","https://finance.eastmoney.com/a/202511263575353359.html","11月26日上午，市政府新闻办举行“实干绘答卷接力新蓝图”上海“十四五”规划成果系列新闻发布会第十六场。围绕“全面服务保障国家战略奋力打造长三角创新枢纽”这一主题，青浦区相关负责人介绍了青浦区“十四五..."
"昔日“疫苗之王”科兴生物，突传大消息！在巴西拿下7亿美元合同，创中国疫苗最大金额国际订单，公司不久前收到纳斯达克退市函","11/26/2025 15:21","https://finance.eastmoney.com/a/202511263575351458.html","据科兴官微消息，当地时间2025年11月24日，科兴与巴西卫生部签署了两项PDP（产品开发伙伴关系）项目，成为首个中标该项目的中国疫苗企业。科兴将与巴西当地伙伴Tecpar研究所和Eurofarma公..."
"六部门促消费亮新招！19条措施增强消费品供需适配性","11/26/2025 15:14","https://finance.eastmoney.com/a/202511263575351793.html","人民网北京11月26日电据工业和信息化部官网消息，日前，经国务院同意，工业和信息化部、国家发展改革委、商务部、文化和旅游部、中国人民银行和市场监管总局联合印发《关于增强消费品供需适配性进一步促进消费的..."
"央行连续第九个月对MLF加量续作","11/26/2025 15:14","https://finance.eastmoney.com/a/202511263575349726.html","为保持银行体系流动性充裕，中国人民银行在11月25日以固定数量、利率招标、多重价位中标方式开展1万亿元中期借贷便利（MLF）操作，期限为1年期。鉴于11月有9000亿元MLF到期，当月央行MLF净投放..."
"高质量发展故事汇 | 普惠滴灌，苦咖啡“贷”来甜日子","11/26/2025 15:14","https://finance.eastmoney.com/a/202511263575350240.html","我的家乡在云南省普洱市孟连傣族拉祜族佤族自治县（以下简称“孟连县”）。20年前，孟连县信岗村村民靠种甘蔗为生，人均年收入不足1000元。2007年，信岗村成立了金山咖啡合作社，党支部书记岩古带领村民建..."
"高质量发展故事汇 | 科技信贷，铺筑问天新轨道","11/26/2025 15:14","https://finance.eastmoney.com/a/202511263575350137.html","10月19日，当我再次目睹“力箭一号”拖着耀眼的尾焰划破长空，成功将载荷送入预定轨道时，心中的激动与自豪仍难以言表。承担此次发射任务的中科宇航技术股份有限公司，在民商火箭发射服务市场占有率位居前列。这..."
"鄂尔多斯东胜区发布购房补贴实施方案，总金额1000万元","11/26/2025 15:14","https://finance.eastmoney.com/a/202511263575351166.html","内蒙古自治区鄂尔多斯市东胜区发布购房补贴实施方案，其中提出，在规定时间购买商品住宅的，给予网签合同价款2%的购房补贴；购买非住宅商品房的，给予网签合同价款1.5%的购房补贴；符合条件的高层次人才、首套..."
"高质量发展故事汇 | 执笔写就金融“五篇大文章”","11/26/2025 15:14","https://finance.eastmoney.com/a/202511263575349926.html","“耐心资本”的长期支持，助力我国商业航天从“跟跑”实现“并跑”；绿色保险在川西阿坝高原上，带来生态屏障与经济效益；普惠信贷流向云南省普洱市孟连县，让咖啡果从“苦豆子”变成致富“金豆子”；养老金金融、养..."
"西北地区首家 西安市内免税店正式开业","11/26/2025 15:13","https://finance.eastmoney.com/a/202511263575346490.html","【西北地区首家 西安市内免税店正式开业】11月26日，西北地区首家市内免税店在陕西省西安市正式开业。"
"刚刚，重磅利好！直线封板！","11/26/2025 15:09","https://finance.eastmoney.com/a/202511263575347138.html","【导读】六部门联合印发《关于增强消费品供需适配性进一步促进消费的实施方案》刚刚，消费领域迎来利好！11月26日，工业和信息化部、国家发展改革委、商务部、文化和旅游部、中国人民银行、市场监管总局印发《关..."
"新型工业化的湖南样本，从一辆无人驾驶卡车说起","11/26/2025 15:06","https://finance.eastmoney.com/a/202511263575345418.html","作者：李杭想象一下这个场景——地点：江苏句容的露天砂石骨料矿；主要工具：无人驾驶矿山运输卡车；核心任务：矿卡有序完成装货，后返回卸货。这不是工业模拟游戏，而是智慧矿区的日常。工作人员坐在中控室内，眼睛..."
"突然爆发！涨停！刚刚，利好来了！","11/26/2025 15:06","https://finance.eastmoney.com/a/202511263575344719.html","利好来了。日前，经国务院同意，工业和信息化部、国家发展改革委、商务部、文化和旅游部、中国人民银行和市场监管总局联合印发《关于增强消费品供需适配性进一步促进消费的实施方案》（以下简称《方案》)，以消费升..."
"美版“医保谈判”削减15款药物价格：后年起实施，司美格鲁肽大降71%","11/26/2025 15:03","https://finance.eastmoney.com/a/202511263575340659.html","美国政府与药企达成降价协议，诺和诺德旗下“减肥神药”司美格鲁肽大幅降价。当地时间11月25日，据外媒报道，美国政府已根据《降低通胀法案》就15种畅销药物与药企达成降价协议，新定价将于2027年生效。被..."
"婚前同居认定属于家庭成员","11/26/2025 15:02","https://finance.eastmoney.com/a/202511263575340514.html","【婚前同居认定属于家庭成员】11月25日，最高人民检察院通报了近年来检察机关依法打击家暴犯罪的基本情况和治理成效，并发布一批依法惩治家暴犯罪典型案例。随着社会交往方式的多样化，检察机关依据刑法、反家庭..."
"鄂尔多斯东胜区发布购房补贴实施方案 总金额1000万元","11/26/2025 15:00","https://finance.eastmoney.com/a/202511263575342366.html","人民财讯11月26日电，11月26日，内蒙古自治区鄂尔多斯市东胜区发布购房补贴实施方案，其中提出，在规定时间购买商品住宅的，给予网签合同价款2%的购房补贴；购买非住宅商品房的，给予网签合同价款1.5%..."
"事关促消费，六部门印发重磅文件","11/26/2025 15:00","https://finance.eastmoney.com/a/202511263575342060.html","财联社11月26日讯，工业和信息化部、国家发展改革委、商务部、文化和旅游部、中国人民银行、市场监管总局印发《关于增强消费品供需适配性进一步促进消费的实施方案》。方案指出，到2027年，消费品供给结构明..."
"鄂尔多斯东胜区发布购房补贴实施方案 总金额1000万元","11/26/2025 14:58","https://finance.eastmoney.com/a/202511263575339635.html","【鄂尔多斯东胜区发布购房补贴实施方案 总金额1000万元】内蒙古自治区鄂尔多斯市东胜区发布购房补贴实施方案，其中提出，在规定时间购买商品住宅的，给予网签合同价款2%的购房补贴；购买非住宅商品房的，给予..."
"湖北首笔认股权服务落地 为科技型中小企业提供融资新渠道","11/26/2025 14:57","https://finance.eastmoney.com/a/202511263575341911.html","11月25日，证券时报记者从武汉股权托管交易中心了解到，近日，武汉股交与湖北宜昌西陵区政府，以“园区服务+认股权”孵化模式，为湖北索敢科技有限公司完成认股权融资服务，成为湖北省首笔“认股权”融资模式的..."
"工业和信息化部等六部门联合发文增强消费品供需适配性进一步促进消费","11/26/2025 14:51","https://finance.eastmoney.com/a/202511263575333836.html","上证报中国证券网讯据工业和信息化部11月26日消息，日前，经国务院同意，工业和信息化部、国家发展改革委、商务部、文化和旅游部、中国人民银行和市场监管总局联合印发《关于增强消费品供需适配性进一步促进消费..."
"六部门：持续整治地方保护、市场分割问题，加强民生领域反垄断常态化监管执法","11/26/2025 14:48","https://finance.eastmoney.com/a/202511263575335638.html","日前，经国务院同意，工业和信息化部、国家发展改革委、商务部、文化和旅游部、中国人民银行和市场监管总局联合印发《关于增强消费品供需适配性进一步促进消费的实施方案》。方案提出，维护市场秩序。持续整治地方保..."
"六部门：发挥集中采购作用，扩大政府机关、事业单位、国有企业等对职业装、工装鞋等消费品的采购","11/26/2025 14:48","https://finance.eastmoney.com/a/202511263575336363.html","日前，经国务院同意，工业和信息化部、国家发展改革委、商务部、文化和旅游部、中国人民银行和市场监管总局联合印发《关于增强消费品供需适配性进一步促进消费的实施方案》。方案提出，强化财政金融支持。用好大规模..."
"广州南沙港区年吞吐量超2000万标箱","11/26/2025 14:48","https://finance.eastmoney.com/a/202511263575335949.html","11月26日，广东省新闻办举行2025大湾区科学论坛新闻发布会。会上，广州市南沙区人民政府区长岳阳介绍，南沙港区年吞吐量超2000万标箱，开辟170多条外贸航线。2024年海洋生产总值占全区GDP的2..."
"六部门：鼓励平台企业依法合规利用人工智能技术挖掘用户需求，匹配推送产品和服务","11/26/2025 14:48","https://finance.eastmoney.com/a/202511263575335742.html","日前，经国务院同意，工业和信息化部、国家发展改革委、商务部、文化和旅游部、中国人民银行和市场监管总局联合印发《关于增强消费品供需适配性进一步促进消费的实施方案》。方案提出，有序发展平台消费。有序发展直..."
"六部门：借助服务消费与养老再贷款等引导金融机构加大对优质老年产品的支持力度","11/26/2025 14:48","https://finance.eastmoney.com/a/202511263575333346.html","人民财讯11月26日电，工业和信息化部等六部门印发《关于增强消费品供需适配性进一步促进消费的实施方案》，其中提出，强化财政金融支持。用好大规模设备更新和消费品以旧换新政策。统筹相关资金渠道支持消费品产..."
